{"hidden_size": 83, "dropout_rate": 0.22745897965922024, "learning_rate": 0.0019390983373603066, "batch_size": 128}